insert into boardgame (boardgame_name, players) values ('avatar legends: rpg', 0);
insert into boardgame (boardgame_name, players) values ('bang!', 0);
insert into boardgame (boardgame_name, players) values ('blackwood', 0);
insert into boardgame (boardgame_name, players) values ('brass birmingham', 0);
insert into boardgame (boardgame_name, players) values ('captain sonar', 0);
insert into boardgame (boardgame_name, players) values ('crokinole', 0);
insert into boardgame (boardgame_name, players) values ('descent: journeys in the dark', 0);
insert into boardgame (boardgame_name, players) values ('firefly: the game', 0);
insert into boardgame (boardgame_name, players) values ('gloomhaven', 0);
insert into boardgame (boardgame_name, players) values ('hidden leaders', 0);
insert into boardgame (boardgame_name, players) values ('jungle speed', 0);
insert into boardgame (boardgame_name, players) values ('kingdom death monster', 0);
insert into boardgame (boardgame_name, players) values ('myfarog', 0);
insert into boardgame (boardgame_name, players) values ('machiavelli', 0);
insert into boardgame (boardgame_name, players) values ('parks', 0);
insert into boardgame (boardgame_name, players) values ('terraforming mars', 0);
insert into boardgame (boardgame_name, players) values ('vampire the masquerade: chapters', 0);
insert into boardgame (boardgame_name, players) values ('wingspan', 0);

insert into owner (username) values ('tosmatic');
insert into owner (username) values ('thomaskaviani');
insert into owner (username) values ('biletooth');
insert into owner (username) values ('gillieconcarne');

insert into collection_line (boardgame_name, owner_username) values ('avatar legends: rpg', 'tosmatic');
insert into collection_line (boardgame_name, owner_username) values ('bang!', 'tosmatic');
insert into collection_line (boardgame_name, owner_username) values ('blackwood', 'biletooth');
insert into collection_line (boardgame_name, owner_username) values ('brass birmingham', 'thomaskaviani');
insert into collection_line (boardgame_name, owner_username) values ('captain sonar', 'biletooth');
insert into collection_line (boardgame_name, owner_username) values ('captain sonar', 'tosmatic');
insert into collection_line (boardgame_name, owner_username) values ('crokinole', 'biletooth');
insert into collection_line (boardgame_name, owner_username) values ('descent: journeys in the dark', 'biletooth');
insert into collection_line (boardgame_name, owner_username) values ('firefly: the game', 'biletooth');
insert into collection_line (boardgame_name, owner_username) values ('gloomhaven', 'biletooth');
insert into collection_line (boardgame_name, owner_username) values ('hidden leaders', 'tosmatic');
insert into collection_line (boardgame_name, owner_username) values ('jungle speed', 'biletooth');
insert into collection_line (boardgame_name, owner_username) values ('kingdom death monster', 'biletooth');
insert into collection_line (boardgame_name, owner_username) values ('myfarog', 'biletooth');
insert into collection_line (boardgame_name, owner_username) values ('machiavelli', 'biletooth');
insert into collection_line (boardgame_name, owner_username) values ('machiavelli', 'thomaskaviani');
insert into collection_line (boardgame_name, owner_username) values ('parks', 'tosmatic');
insert into collection_line (boardgame_name, owner_username) values ('terraforming mars', 'thomaskaviani');
insert into collection_line (boardgame_name, owner_username) values ('vampire the masquerade: chapters', 'tosmatic');
insert into collection_line (boardgame_name, owner_username) values ('wingspan', 'gillieconcarne');
